,delta_ss_stiff,delta_ss_hyper,pi_ll_mismatch,comb_vers_oob,low_sit_av_stiff,high_sit_av_stiff,mob_stiff,mob_hyper,deep_flex,sit_to_stand,uncert_fv,uncert_overall
delta_ss_stiff,1.0,-0.4947099108932744,-0.003582867679619314,0.014460242210550875,0.4573068689244293,0.20750747158419802,1.0,-0.4947099108932759,-0.5310915135468571,-0.32540755213844924,-0.004608258930846478,0.004550925715530762
delta_ss_hyper,-0.4947099108932744,1.0,-0.007079937823933227,-0.013323688815577037,-0.22623424037648684,-0.10265600277710768,-0.49470991089327454,0.9999999999999969,0.9314965467804001,0.657774475451432,-0.016145037472317235,-0.011782632075666453
pi_ll_mismatch,-0.003582867679619314,-0.007079937823933227,1.0,-0.006075554663950217,0.013474802162277507,-0.00912352731213167,-0.0035828676796193283,-0.00707993782393323,-0.0034735080061916693,-0.00650406793980372,0.015175658309541006,-0.00702550095705999
comb_vers_oob,0.014460242210550875,-0.013323688815577037,-0.006075554663950217,1.0,0.016523831051223417,0.0031876399216804485,0.014460242210550854,-0.013323688815577005,-0.012061822809373535,-0.011961571025962276,0.010238802697505184,-0.00030493257808146367
low_sit_av_stiff,0.4573068689244293,-0.22623424037648684,0.013474802162277507,0.016523831051223417,1.0,-0.08064109436679318,0.4573068689244293,-0.2262342403764868,-0.24287179717244825,-0.14881110879279683,0.0006144760054273864,-0.011690793501202506
high_sit_av_stiff,0.20750747158419802,-0.10265600277710768,-0.00912352731213167,0.0031876399216804485,-0.08064109436679318,1.0,0.20750747158419802,-0.10265600277710749,-0.11020545715593372,-0.06752449837865265,-0.021920221802820303,0.003912938081590577
mob_stiff,1.0,-0.49470991089327454,-0.0035828676796193283,0.014460242210550854,0.4573068689244293,0.20750747158419802,1.0,-0.4947099108932759,-0.5310915135468571,-0.32540755213844924,-0.004608258930846478,0.004550925715530762
mob_hyper,-0.4947099108932759,0.9999999999999969,-0.00707993782393323,-0.013323688815577005,-0.2262342403764868,-0.10265600277710749,-0.4947099108932759,1.0,0.9314965467803987,0.657774475451431,-0.016145037472317183,-0.01178263207566639
deep_flex,-0.5310915135468571,0.9314965467804001,-0.0034735080061916693,-0.012061822809373535,-0.24287179717244825,-0.11020545715593372,-0.5310915135468571,0.9314965467803987,1.0,0.6127146524433017,-0.014049937898573747,-0.015950358134241834
sit_to_stand,-0.32540755213844924,0.657774475451432,-0.00650406793980372,-0.011961571025962276,-0.14881110879279683,-0.06752449837865265,-0.32540755213844924,0.657774475451431,0.6127146524433017,1.0,-0.005764319401010811,-0.01784316361484572
uncert_fv,-0.004608258930846478,-0.016145037472317235,0.015175658309541006,0.010238802697505184,0.0006144760054273864,-0.021920221802820303,-0.004608258930846478,-0.016145037472317183,-0.014049937898573747,-0.005764319401010811,1.0,-0.004850593153898753
uncert_overall,0.004550925715530762,-0.011782632075666453,-0.00702550095705999,-0.00030493257808146367,-0.011690793501202506,0.003912938081590577,0.004550925715530762,-0.01178263207566639,-0.015950358134241834,-0.01784316361484572,-0.004850593153898753,1.0
